{
  "main": {
    "id": "adb6b0d823906bd5",
    "type": "split",
    "children": [
      {
        "id": "1e8e5c7024836453",
        "type": "tabs",
        "children": [
          {
            "id": "98184889f2ecbfdc",
            "type": "leaf",
            "state": {
              "type": "markdown",
              "state": {
                "file": "英语单词.md",
                "mode": "source",
                "source": false
              }
            }
          }
        ],
        "stacked": true
      }
    ],
    "direction": "vertical"
  },
  "left": {
    "id": "4e5ce7cf4bbb8a60",
    "type": "split",
    "children": [
      {
        "id": "f1e7d191887c37f4",
        "type": "tabs",
        "children": [
          {
            "id": "8a572b78fc409cb9",
            "type": "leaf",
            "state": {
              "type": "file-explorer",
              "state": {
                "sortOrder": "alphabetical"
              }
            }
          },
          {
            "id": "8ff574dcfc5cb5f8",
            "type": "leaf",
            "state": {
              "type": "search",
              "state": {
                "query": "",
                "matchingCase": false,
                "explainSearch": false,
                "collapseAll": false,
                "extraContext": false,
                "sortOrder": "alphabetical"
              }
            }
          },
          {
            "id": "8c29d6145276186c",
            "type": "leaf",
            "state": {
              "type": "bookmarks",
              "state": {}
            }
          }
        ],
        "currentTab": 1
      }
    ],
    "direction": "horizontal",
    "width": 300
  },
  "right": {
    "id": "7c503f0df8331617",
    "type": "split",
    "children": [
      {
        "id": "5a928d42ac06a12f",
        "type": "tabs",
        "children": [
          {
            "id": "16f2a7068e3abe00",
            "type": "leaf",
            "state": {
              "type": "backlink",
              "state": {
                "file": "英语单词.md",
                "collapseAll": false,
                "extraContext": false,
                "sortOrder": "alphabetical",
                "showSearch": false,
                "searchQuery": "",
                "backlinkCollapsed": false,
                "unlinkedCollapsed": true
              }
            }
          },
          {
            "id": "48f2aef66b3246d7",
            "type": "leaf",
            "state": {
              "type": "outgoing-link",
              "state": {
                "file": "英语单词.md",
                "linksCollapsed": false,
                "unlinkedCollapsed": true
              }
            }
          },
          {
            "id": "db4b47ba75afa838",
            "type": "leaf",
            "state": {
              "type": "tag",
              "state": {
                "sortOrder": "frequency",
                "useHierarchy": true
              }
            }
          },
          {
            "id": "103b1bd22b329e8a",
            "type": "leaf",
            "state": {
              "type": "outline",
              "state": {
                "file": "英语单词.md"
              }
            }
          }
        ]
      }
    ],
    "direction": "horizontal",
    "width": 300,
    "collapsed": true
  },
  "left-ribbon": {
    "hiddenItems": {
      "switcher:打开快速切换": false,
      "graph:查看关系图谱": false,
      "canvas:新建白板": false,
      "daily-notes:打开/创建今天的日记": false,
      "templates:插入模板": false,
      "command-palette:打开命令面板": false
    }
  },
  "active": "8ff574dcfc5cb5f8",
  "lastOpenFiles": [
    "英语单词/索引/中考/中考索引.md",
    "英语单词.md",
    "英语单词/英语单词.说明.md",
    "英语单词/words/A/a.md",
    "英语单词/索引/高考四级/高考四级索引.md",
    "英语单词/索引/高考四级/Z_高考四级.md",
    "英语单词/索引/高考四级/K_高考四级.md",
    "英语单词/索引/高考四级/I_高考四级.md",
    "英语单词/索引/高考四级/F_高考四级.md",
    "英语单词/索引/高考四级/B_高考四级.md",
    "英语单词/索引/高考四级/D_高考四级.md",
    "英语单词/索引/考研/考研索引.md",
    "英语单词/索引/全索引/全索引.md",
    "英语单词/索引/全索引/A'.md",
    "英语单词/words/A/abandon.md",
    "英语单词/words/A/abandonment.md",
    "英语单词/words/A/abalone.md",
    "英语单词",
    "英语.md",
    "英语语法/宾语从句.md",
    "英语语法/倒装句.md",
    "英语语法/非谓语动词作定语.md",
    "英语语法/非谓语动词作状语.md",
    "英语语法/介词 (Preposition).md",
    "英语语法/结论（Conclusion）.md",
    "英语语法/英语语法.md"
  ]
}